kepid,kepoi_name,kepler_name,koi_disposition,koi_pdisposition,koi_score,koi_fpflag_nt,koi_fpflag_ss,koi_fpflag_co,koi_fpflag_ec,koi_period,koi_time0bk,koi_impact,koi_duration,koi_depth,koi_prad,koi_teq,koi_insol,koi_model_snr,koi_steff,koi_slogg,koi_srad,ra,dec,koi_kepmag
10797460,K00752.01,Kepler-227 b,CONFIRMED,CANDIDATE,1.0,0,0,0,0,9.48803557,170.53875,0.146,2.9575,615.8,2.26,793,93.59,35.8,5455,4.467,0.927,291.93423,48.141651,15.347
10797460,K00752.02,Kepler-227 c,CONFIRMED,CANDIDATE,0.969,0,0,0,0,54.418383,162.51384,0.586,4.507,874.8,2.83,443,9.11,25.8,5455,4.467,0.927,291.93423,48.141651,15.347
10811496,K00753.01,,CANDIDATE,CANDIDATE,0.0,0,0,0,0,19.89913995,175.850252,0.969,1.782,10828.0,14.6,638,39.3,76.1,5853,4.544,0.868,297.00809,48.134129,15.436
10848459,K00754.01,,FALSE POSITIVE,FALSE POSITIVE,0.0,0,1,0,0,1.73695245,170.307565,1.276,2.40641,8079.2,33.46,1395,891.96,505.6,5805,4.564,0.791,285.53461,48.28521,15.597
10854555,K00755.01,Kepler-664 b,CONFIRMED,CANDIDATE,1.0,0,0,0,0,2.52559177,171.59555,0.701,1.6545,603.3,2.75,1406,926.16,40.9,6031,4.438,1.046,288.75488,48.2262,15.509
10872983,K00756.01,Kepler-228 d,CONFIRMED,CANDIDATE,1.0,0,0,0,0,11.09432054,171.20116,0.538,4.5945,1517.5,3.9,835,114.81,66.5,6046,4.486,0.972,296.28613,48.22467,15.714
10872983,K00756.02,Kepler-228 c,CONFIRMED,CANDIDATE,0.968,0,0,0,0,4.13443522,172.97937,0.762,3.1402,686.2,2.77,1160,421.65,30.2,6046,4.486,0.972,296.28613,48.22467,15.714
10872983,K00756.03,Kepler-228 b,CONFIRMED,CANDIDATE,0.992,0,0,0,0,2.56658866,171.55492,0.554,2.234,246.5,1.65,1360,821.26,16.1,6046,4.486,0.972,296.28613,48.22467,15.714
6721123,K00114.01,,FALSE POSITIVE,FALSE POSITIVE,0.0,0,1,1,0,7.36179007,132.2802,1.169,5.022,233.7,39.21,800,97.7,17.4,6227,4.486,0.972,298.74649,42.19402,15.201
10910878,K00757.01,Kepler-229 c,CONFIRMED,CANDIDATE,1.0,0,0,0,0,16.09013915,167.21481,0.612,3.189,1118.8,2.37,600,30.55,42.6,5050,4.538,0.781,286.39938,48.38179,15.847
11446443,K00001.01,Kepler-1 b,CONFIRMED,CANDIDATE,0.811,0,0,0,0,2.47061338,122.763305,0.818,1.741,14231.0,13.04,1339,761.39,444.2,5820,4.458,0.964,297.08316,49.278511,15.336
10666592,K00002.01,Kepler-2 b,CONFIRMED,CANDIDATE,1.0,0,0,0,0,2.2047354,121.3585,0.022,3.888,10820.0,16.1,1850,2780.0,820.0,6350,4.12,1.48,292.0,48.0,14.8
10736138,K00003.01,Kepler-3 b,CONFIRMED,CANDIDATE,0.99,0,0,0,0,4.887816,124.0,0.45,2.1,3500.0,4.8,1050,310.0,150.0,5600,4.4,0.95,290.5,48.1,15.1
3861595,K00010.01,Kepler-8 b,CONFIRMED,CANDIDATE,1.0,0,0,0,0,3.5225,120.5,0.2,3.1,9500.0,14.2,1650,1800.0,310.0,6200,4.25,1.3,287.1,38.9,13.9
11923252,K00701.01,Kepler-62 e,CONFIRMED,CANDIDATE,0.98,0,0,0,0,122.3874,133.5,0.12,4.2,450.0,1.61,270,1.2,18.5,4925,4.68,0.64,283.0,50.2,13.8
11923252,K00701.02,Kepler-62 f,CONFIRMED,CANDIDATE,0.97,0,0,0,0,267.291,150.2,0.09,5.1,320.0,1.41,208,0.41,12.3,4925,4.68,0.64,283.0,50.2,13.8
6362874,K00142.01,Kepler-88 b,CONFIRMED,CANDIDATE,1.0,0,0,0,0,10.95416,140.1,0.3,2.8,1200.0,3.4,780,85.0,45.0,5510,4.45,0.91,293.1,41.7,13.5
8311344,K00157.01,Kepler-11 b,CONFIRMED,CANDIDATE,0.99,0,0,0,0,10.30375,135.0,0.4,4.0,400.0,1.97,900,150.0,22.0,5680,4.38,1.02,295.4,44.3,14.2
8311344,K00157.02,Kepler-11 c,CONFIRMED,CANDIDATE,0.99,0,0,0,0,13.02502,138.2,0.35,4.5,650.0,3.15,830,110.0,35.0,5680,4.38,1.02,295.4,44.3,14.2
8311344,K00157.03,Kepler-11 d,CONFIRMED,CANDIDATE,1.0,0,0,0,0,22.68719,145.0,0.2,5.2,720.0,3.43,690,52.0,48.0,5680,4.38,1.02,295.4,44.3,14.2
8311344,K00157.04,Kepler-11 e,CONFIRMED,CANDIDATE,0.98,0,0,0,0,31.9959,152.1,0.15,6.0,850.0,4.52,610,32.0,55.0,5680,4.38,1.02,295.4,44.3,14.2
8311344,K00157.05,Kepler-11 f,CONFIRMED,CANDIDATE,0.96,0,0,0,0,46.68876,160.0,0.1,6.5,380.0,2.61,540,19.0,28.0,5680,4.38,1.02,295.4,44.3,14.2
8311344,K00157.06,Kepler-11 g,CONFIRMED,CANDIDATE,0.95,0,0,0,0,118.37774,180.0,0.05,7.2,500.0,3.66,400,6.2,20.0,5680,4.38,1.02,295.4,44.3,14.2
10601284,K00812.01,Kepler-296 f,CONFIRMED,CANDIDATE,0.99,0,0,0,0,63.33627,142.1,0.22,3.8,390.0,1.75,250,0.95,15.4,3520,4.82,0.48,286.8,47.8,15.9
9002278,K00321.01,,FALSE POSITIVE,FALSE POSITIVE,0.0,1,0,0,0,0.85421,130.1,0.9,1.2,15200.0,28.5,2100,3500.0,120.0,6100,4.2,1.2,289.1,45.3,15.8
9002278,K00321.02,,FALSE POSITIVE,FALSE POSITIVE,0.0,0,1,0,0,3.4125,133.5,1.1,2.1,22000.0,45.0,1450,1200.0,210.0,6100,4.2,1.2,289.1,45.3,15.8
9002278,K00321.03,,CANDIDATE,CANDIDATE,0.45,0,0,0,0,15.421,141.0,0.65,3.2,310.0,1.8,720,60.0,12.5,6100,4.2,1.2,289.1,45.3,15.8
5202938,K00082.01,Kepler-20 b,CONFIRMED,CANDIDATE,0.98,0,0,0,0,3.69612,122.1,0.31,2.5,280.0,1.87,1100,320.0,28.0,5450,4.49,0.94,291.1,40.4,12.5
5202938,K00082.02,Kepler-20 c,CONFIRMED,CANDIDATE,0.99,0,0,0,0,10.85409,128.5,0.25,3.8,520.0,3.04,770,82.0,42.0,5450,4.49,0.94,291.1,40.4,12.5
5202938,K00082.03,Kepler-20 d,CONFIRMED,CANDIDATE,0.97,0,0,0,0,77.61184,160.0,0.18,6.1,390.0,2.74,400,6.1,21.0,5450,4.49,0.94,291.1,40.4,12.5
5202938,K00082.04,Kepler-20 e,CONFIRMED,CANDIDATE,0.95,0,0,0,0,6.09849,125.0,0.42,2.1,85.0,0.87,1040,240.0,9.5,5450,4.49,0.94,291.1,40.4,12.5
5202938,K00082.05,Kepler-20 f,CONFIRMED,CANDIDATE,0.94,0,0,0,0,19.57706,135.2,0.38,3.0,110.0,1.0,700,55.0,11.0,5450,4.49,0.94,291.1,40.4,12.5
6421521,K00472.01,Kepler-292 b,CONFIRMED,CANDIDATE,1.0,0,0,0,0,3.21415,121.0,0.5,2.2,310.0,1.52,1180,450.0,20.0,5780,4.42,0.96,288.4,41.8,14.6
10264695,K00084.01,Kepler-19 b,CONFIRMED,CANDIDATE,0.98,0,0,0,0,9.28699,124.5,0.28,3.2,380.0,2.2,850,120.0,30.0,5540,4.47,0.93,290.8,47.3,12.2
3114780,K00108.01,Kepler-103 b,CONFIRMED,CANDIDATE,1.0,0,0,0,0,15.9654,130.0,0.33,4.1,620.0,3.37,800,95.0,52.0,6010,4.3,1.22,286.1,38.2,13.1
3114780,K00108.02,Kepler-103 c,CONFIRMED,CANDIDATE,0.97,0,0,0,0,179.612,195.0,0.19,8.2,850.0,5.14,380,4.8,38.0,6010,4.3,1.22,286.1,38.2,13.1
11757451,K01868.01,Kepler-186 f,CONFIRMED,CANDIDATE,0.99,0,0,0,0,129.9459,151.0,0.08,4.6,210.0,1.17,188,0.32,10.2,3782,4.77,0.52,297.9,49.8,15.6
6362874,K00701.03,Kepler-62 e,CONFIRMED,CANDIDATE,0.98,0,0,0,0,122.3874,133.5,0.12,4.2,450.0,1.6,270,1.1,18.5,4925,4.68,0.64,283.0,50.2,13.8
10601284,K00812.02,Kepler-296 e,CONFIRMED,CANDIDATE,0.99,0,0,0,0,34.142,140.2,0.15,3.2,350.0,1.48,260,0.85,14.2,3520,4.82,0.48,286.8,47.8,15.9
10601285,K00812.03,Kepler-296 f,CONFIRMED,CANDIDATE,0.99,0,0,0,0,63.33627,142.1,0.22,3.8,390.0,1.53,250,0.62,15.4,3520,4.82,0.48,286.8,47.8,15.9
7871531,K00438.01,Kepler-283 c,CONFIRMED,CANDIDATE,0.99,0,0,0,0,92.74371,181.0,0.14,4.1,410.0,1.52,248,0.88,16.2,4850,4.61,0.58,285.2,43.6,15.2
11497958,K00018.01,Kepler-452 b,CONFIRMED,CANDIDATE,0.99,0,0,0,0,384.843,200.1,0.11,10.5,210.0,1.55,265,1.05,14.8,5757,4.32,1.11,296.0,44.3,13.4
8359498,K00292.01,Kepler-442 b,CONFIRMED,CANDIDATE,0.99,0,0,0,0,112.3053,165.0,0.1,4.8,320.0,1.34,233,0.7,17.1,4402,4.68,0.6,285.5,44.2,14.9
